site,scenario_id,parameter_group,level,n_weather_years,NPV [MEuro] mean,NPV [MEuro] std,NPV [MEuro] p10,NPV [MEuro] p50,NPV [MEuro] p90,NPV_over_CAPEX mean,NPV_over_CAPEX std,NPV_over_CAPEX p10,NPV_over_CAPEX p50,NPV_over_CAPEX p90,IRR mean,IRR std,IRR p10,IRR p50,IRR p90,LCOE [Euro/MWh] mean,LCOE [Euro/MWh] std,LCOE [Euro/MWh] p10,LCOE [Euro/MWh] p50,LCOE [Euro/MWh] p90,Revenues [MEuro] mean,Revenues [MEuro] std,Revenues [MEuro] p10,Revenues [MEuro] p50,Revenues [MEuro] p90,LLCR [-] mean,LLCR [-] std,LLCR [-] p10,LLCR [-] p50,LLCR [-] p90
Sud_Atlantique_HiFiEMS,baseline,baseline,1.0,34,-1000.9214708904692,147.27639347853764,-1156.2170147499305,-1029.5475242562197,-768.0596932909607,-0.7149961944291822,0.10520511741318458,-0.8259296953086687,-0.7354448707872079,-0.5486541889334455,-0.039086510526400255,0.021189658125011977,-0.06473110582055135,-0.04084634688593225,-0.006589600988173797,60.4412129814369,1.9338258038565181,58.57385779181158,60.682298841548814,62.66508470628119,57.261665712640465,11.662740187987701,44.9630267297881,54.99396946282123,75.70530615755841,0.411961929973699,0.15201550026953675,0.2516746582952528,0.3824156434361832,0.6522778596953821
Sud_Atlantique_HiFiEMS,electricity_price_x0.80,electricity_price,0.8,34,-1145.7359945424644,117.82004868497415,-1269.9717817112637,-1168.6394400858576,-959.4497862981572,-0.8184427047904151,0.08416333237638776,-0.9071890426610367,-0.8348035051919422,-0.6853713961583542,-0.06655035345925553,0.02413075673859999,-0.0971170700664787,-0.0675170144601277,-0.030251097023939504,60.4412129814369,1.9338258038565181,58.57385779181158,60.682298841548814,62.66508470628119,45.799850399874124,9.330107501132346,35.96097945819449,43.98548597980228,60.55451153054727,0.2624353930440093,0.12161129479314312,0.13420635880304332,0.23879564858171118,0.4546847929721977
Sud_Atlantique_HiFiEMS,electricity_price_x1.20,electricity_price,1.2,34,-856.1069472384424,176.7327383552949,-1042.4622477885978,-890.4556084265132,-576.6696002837642,-0.6115496840679266,0.1262469025094099,-0.744670347956301,-0.6360862363824243,-0.4119369817085368,-0.01891888520638811,0.02034952696970554,-0.04299352476865805,-0.021022751005379925,0.0125341991507216,60.4412129814369,1.9338258038565184,58.57385779181158,60.682298841548814,62.66508470628119,68.72348102540936,13.995372881329851,53.96507400138168,66.00245294584543,90.85610078456956,0.5614884669034209,0.18241970583300737,0.36914295778746214,0.5260356382907274,0.8498709264185667
