Site,site_id,NPV CV,Mean NPV,Mean NPV/CAPEX,Mean IRR
Sud_Atlantique_yearly.csv,Sud_Atlantique_yearly.csv,0.4880438835656676,-308.1142070662886,-22.00976719042415,3.4671218202974328
MidEurope_yearly.csv,MidEurope_yearly.csv,0.6801500127227638,-581.0935631473702,-14.943278281011812,4.277079208836902
NorthSouth_yearly.csv,NorthSouth_yearly.csv,0.5882765311488793,-649.2333306567607,-17.03481656033862,3.9535002258934138
All_yearly.csv,All_yearly.csv,0.5980515580260253,-1142.56987769644,-15.265350500143795,4.221736405043939
