Site,site_id,NPV Std Dev,Mean NPV,Mean NPV/CAPEX,Mean IRR
Sud Atlantique,Sud_Atlantique,150.37325419838774,-308.1142070662886,-22.00976719042415,3.4671218202974328
Mid-Europe,MidEurope,395.2307943678,-581.0935631473702,-14.943278281011812,4.277079208836902
North-South Europe,NorthSouth,331.592939361369,-943.8219314114166,-24.76880509488141,3.1852112188612387
All Sites,All,683.3156955099611,-1142.56987769644,-15.265350500143795,4.221736405043939
Best Sites,Best,289.08243830243856,-20.279380047280792,-0.8534672775558393,5.776276737140074
