Site,site_id,NPV CV,Mean NPV,Mean NPV/CAPEX,Mean IRR
Sud Atlantique HPP (FRw),Sud_Atlantique_HiFiEMS,0.4880438835656676,-308.1142070662886,-22.009767190424146,3.467121820297433
Sud Atlantique Wind (FRw),Sud_Atlantique_Wind_HiFiEMS,0.4227517785526551,-313.73882444808186,-26.481457082185738,3.1196523563545377
Sud Atlantique Solar (FRw),Sud_Atlantique_Solar_HiFiEMS,0.17793093048634315,-299.0301029487662,-38.88532944369957,1.1565522097738195
