Site,site_id,NPV Std Dev,Mean NPV,Mean NPV/CAPEX,Mean IRR
Sicily South (IT),SicilySouth_HiFiEMS,129.52698018359834,-415.35053338675385,-33.8818269457956,2.064888527864267
Golfe du Lion (FRs),Golfe_du_Lion_HiFiEMS,178.4775953608068,-94.51078984334477,-7.937544905488805,5.074740498469766
Sud Atlantique (FRw),Sud_Atlantique_HiFiEMS,150.37325419839027,-308.11420706628047,-22.009767190423567,3.467121820297493
Thetys PV (NL),Thetys_HiFiEMS,91.68896759182743,-178.46856623764813,-13.748616074592293,4.418901920558617
Nordsøen Midt (DK),NordsoenMidt_HiFiEMS,121.30586223822685,74.23140979600545,6.26194737516564,6.480916281513139
Vestavind (NO),Vestavind_HiFiEMS,101.44585796045004,-220.35719095864218,-18.599481608269812,4.011322990565762
